{
    "\ucd1d \ud504\ub808\uc784": 925,
    "\ub79c\ub4dc\ub9c8\ud06c \uac80\ucd9c \ud504\ub808\uc784": 2,
    "\uc815\uba74 \uc751\uc2dc \ud655\ub960": 0.002162162162162162,
    "\uc815\uba74 \ube44\uc751\uc2dc \ud655\ub960": 0.9978378378378379
}